method,metric,mean,std,median,q1,q3,n,source_file
Poisson only,mae,0.01373210985372616,0.005202101082456194,0.013310792855918407,0.009908363223075867,0.017311004921793938,1241,results_main_exp_practical_lase_44spots\ablation_poisson_upper_only_nosparse.npz
Poisson only,rmse,0.030889939303651727,0.006613065184627255,0.030664479359984398,0.026601523160934448,0.03530105575919151,1241,results_main_exp_practical_lase_44spots\ablation_poisson_upper_only_nosparse.npz
Poisson only,nrmse,0.15677305905930367,0.02762849287647421,0.15612193942070007,0.13817915320396423,0.17358414828777313,1241,results_main_exp_practical_lase_44spots\ablation_poisson_upper_only_nosparse.npz
Poisson only,pearson,0.9825496817192274,0.009826992403287379,0.9835634231567383,0.9785089492797852,0.9886679649353027,1241,results_main_exp_practical_lase_44spots\ablation_poisson_upper_only_nosparse.npz
Poisson only,psnr,30.414339845440757,1.9539519974017314,30.26728809254809,29.044246116869825,31.501869912904755,1241,results_main_exp_practical_lase_44spots\ablation_poisson_upper_only_nosparse.npz
Standard TV only,mae,0.012842216265352561,0.004755312989837747,0.0124752726405859,0.009427854791283607,0.01609908789396286,1241,results_main_exp_practical_lase_44spots\ablation_no_ambiguity_tv_nosparse.npz
Standard TV only,rmse,0.028594215872557196,0.006023113903439165,0.028323320671916008,0.024721769616007805,0.03247781842947006,1241,results_main_exp_practical_lase_44spots\ablation_no_ambiguity_tv_nosparse.npz
Standard TV only,nrmse,0.14491086695148137,0.02339550264104178,0.14394308626651764,0.12981027364730835,0.15900273621082306,1241,results_main_exp_practical_lase_44spots\ablation_no_ambiguity_tv_nosparse.npz
Standard TV only,pearson,0.9851730552342128,0.008568942845604041,0.9860142469406128,0.9820284247398376,0.9899755716323853,1241,results_main_exp_practical_lase_44spots\ablation_no_ambiguity_tv_nosparse.npz
Standard TV only,psnr,31.07570686057166,1.9036560465310213,30.95711661219759,29.768263009714996,32.138408902279096,1241,results_main_exp_practical_lase_44spots\ablation_no_ambiguity_tv_nosparse.npz
SA-TV only,mae,0.012805758814472257,0.004647892166939036,0.01244379859417677,0.00951251108199358,0.01584976725280285,1241,results_main_exp_practical_lase_44spots\ablation_ambiguity_tv_only_nosparse_ambtv_2em04_p_1e00.npz
SA-TV only,rmse,0.028349103821076808,0.005825978409928965,0.028037983924150467,0.024547042325139046,0.03202133998274803,1241,results_main_exp_practical_lase_44spots\ablation_ambiguity_tv_only_nosparse_ambtv_2em04_p_1e00.npz
SA-TV only,nrmse,0.14351763464000128,0.021092156713176706,0.14329326152801514,0.130660280585289,0.15599121153354645,1241,results_main_exp_practical_lase_44spots\ablation_ambiguity_tv_only_nosparse_ambtv_2em04_p_1e00.npz
SA-TV only,pearson,0.98547649172215,0.00802180055705604,0.9863283634185791,0.9824933409690857,0.9897583723068237,1241,results_main_exp_practical_lase_44spots\ablation_ambiguity_tv_only_nosparse_ambtv_2em04_p_1e00.npz
SA-TV only,psnr,31.139721476488933,1.8499838788914067,31.045064351978347,29.89120996617517,32.20001657123014,1241,results_main_exp_practical_lase_44spots\ablation_ambiguity_tv_only_nosparse_ambtv_2em04_p_1e00.npz
SA-Joint,mae,0.012267572303414406,0.0043907030190766805,0.011912953108549118,0.009218360297381878,0.015135142020881176,1241,results_main_exp_practical_lase_44spots\joint_spectral_ambiguity_tv_final_nosparse_ambtv_2em04_p_1e00.npz
SA-Joint,rmse,0.027153909159111315,0.005583268390252465,0.026900971308350563,0.023400723934173584,0.030585603788495064,1241,results_main_exp_practical_lase_44spots\joint_spectral_ambiguity_tv_final_nosparse_ambtv_2em04_p_1e00.npz
SA-Joint,nrmse,0.13737079189560472,0.019426573736331318,0.13656742870807648,0.1255919188261032,0.14888978004455566,1241,results_main_exp_practical_lase_44spots\joint_spectral_ambiguity_tv_final_nosparse_ambtv_2em04_p_1e00.npz
SA-Joint,pearson,0.9868336897718628,0.007401376979781208,0.9875587821006775,0.9842562675476074,0.9905368685722351,1241,results_main_exp_practical_lase_44spots\joint_spectral_ambiguity_tv_final_nosparse_ambtv_2em04_p_1e00.npz
SA-Joint,psnr,31.512833454324962,1.8418670377822137,31.404640774493664,30.289658834025964,32.61541413747784,1241,results_main_exp_practical_lase_44spots\joint_spectral_ambiguity_tv_final_nosparse_ambtv_2em04_p_1e00.npz
