index,method,dye,mean,std,median,count
0,RU-NNLS,DIA-like,0.20431018638168255,0.043403308657629966,0.1979295313358307,1239
1,RU-NNLS,DeepRed-like,0.19711329870286487,0.03850304332776236,0.1973995789885521,1240
2,RU-NNLS,SYTO16-like,0.17080965364392395,0.03217356866695322,0.16523730754852295,1241
3,RU-Poisson,DIA-like,0.20194415158807894,0.043961787862820456,0.1952791064977646,1239
4,RU-Poisson,DeepRed-like,0.19570911885389397,0.03883153446548042,0.195785790681839,1240
5,RU-Poisson,SYTO16-like,0.17100316452989647,0.032868436755136954,0.1658148318529129,1241
6,SA-Joint,DIA-like,0.14259766733170132,0.03365088533242455,0.13809388875961304,1239
7,SA-Joint,DeepRed-like,0.1476563414678939,0.030701073791377802,0.1467820256948471,1240
8,SA-Joint,SYTO16-like,0.12853723801042072,0.027584750145358577,0.12403196841478348,1241
