real_idx,cell_id,method_key,method,pearson_overall,min_per_dye_pearson,max_per_dye_nrmse,true_rms_SYTO16_like,true_rms_DIA_like,true_rms_DeepRed_like,outlier_type,low_pearson_threshold
6837,bbbc021_cell_06837,ru_poisson,RU-Poisson,0.4243607223033905,0.07598531991243362,10.013646125793457,0.12467311322689056,0.0008204859332181513,0.001940968562848866,low_pearson,0.9
6837,bbbc021_cell_06837,ru_nnls,RU-NNLS,0.44383034110069275,0.0779459998011589,9.610039710998535,0.12467311322689056,0.0008204859332181513,0.001940968562848866,low_pearson,0.9
6744,bbbc021_cell_06744,ru_poisson,RU-Poisson,0.7998979687690735,0.4668276011943817,3.753371238708496,0.11429062485694885,0.002880789339542389,0.04299112409353256,low_pearson,0.9
6837,bbbc021_cell_06837,joint,SA-Joint,0.8019135594367981,0.5037322044372559,7.194884300231934,0.12467311322689056,0.0008204859332181513,0.001940968562848866,low_pearson,0.9
6744,bbbc021_cell_06744,ru_nnls,RU-NNLS,0.8066676259040833,0.48460352420806885,3.5493876934051514,0.11429062485694885,0.002880789339542389,0.04299112409353256,low_pearson,0.9
5265,bbbc021_cell_05265,ru_poisson,RU-Poisson,0.8593541979789734,0.6565022468566895,0.7742903828620911,0.21859464049339294,0.039755649864673615,0.09455469995737076,low_pearson,0.9
5265,bbbc021_cell_05265,ru_nnls,RU-NNLS,0.8626435399055481,0.6660938858985901,0.7572686672210693,0.21859464049339294,0.039755649864673615,0.09455469995737076,low_pearson,0.9
5265,bbbc021_cell_05265,joint,SA-Joint,0.9246371388435364,0.8365651369094849,0.6542302966117859,0.21859464049339294,0.039755649864673615,0.09455469995737076,low_pearson,0.9
260,bbbc021_cell_00260,ru_poisson,RU-Poisson,0.9385879039764404,0.8599205613136292,0.6187583208084106,0.09551180154085159,0.08554605394601822,0.01832614839076996,low_pearson,0.9
260,bbbc021_cell_00260,ru_nnls,RU-NNLS,0.9386358857154846,0.8602996468544006,0.5953606367111206,0.09551180154085159,0.08554605394601822,0.01832614839076996,low_pearson,0.9
2775,bbbc021_cell_02775,ru_nnls,RU-NNLS,0.9422888159751892,0.8492701053619385,0.6003029942512512,0.10873132199048996,0.029271569103002548,0.11157602071762085,low_pearson,0.9
2775,bbbc021_cell_02775,ru_poisson,RU-Poisson,0.9423174858093262,0.8490132093429565,0.5996160507202148,0.10873132199048996,0.029271569103002548,0.11157602071762085,low_pearson,0.9
5360,bbbc021_cell_05360,ru_nnls,RU-NNLS,0.943108856678009,0.9230384826660156,0.3212268650531769,0.08374417573213577,0.1705770194530487,0.08923744410276413,low_pearson,0.9
5360,bbbc021_cell_05360,ru_poisson,RU-Poisson,0.9435049891471863,0.923520028591156,0.32064592838287354,0.08374417573213577,0.1705770194530487,0.08923744410276413,low_pearson,0.9
41,bbbc021_cell_00041,ru_poisson,RU-Poisson,0.9435558319091797,0.9208124279975891,0.341073215007782,0.08841490745544434,0.1377459615468979,0.10905101895332336,low_pearson,0.9
41,bbbc021_cell_00041,ru_nnls,RU-NNLS,0.9445738792419434,0.9217814803123474,0.3382289707660675,0.08841490745544434,0.1377459615468979,0.10905101895332336,low_pearson,0.9
4069,bbbc021_cell_04069,ru_poisson,RU-Poisson,0.9450638890266418,0.9101574420928955,0.416495680809021,0.060027044266462326,0.11589501798152924,0.04443081468343735,low_pearson,0.9
4069,bbbc021_cell_04069,ru_nnls,RU-NNLS,0.945634663105011,0.9106459617614746,0.4107547402381897,0.060027044266462326,0.11589501798152924,0.04443081468343735,low_pearson,0.9
35,bbbc021_cell_00035,ru_nnls,RU-NNLS,0.9458184838294983,0.9153441190719604,0.34126970171928406,0.1741790622472763,0.11497196555137634,0.14545540511608124,low_pearson,0.9
1441,bbbc021_cell_01441,ru_poisson,RU-Poisson,0.9470774531364441,0.8891562223434448,0.4178704023361206,0.15280577540397644,0.07800326496362686,0.13570958375930786,low_pearson,0.9
1441,bbbc021_cell_01441,ru_nnls,RU-NNLS,0.9473104476928711,0.8895266652107239,0.41387930512428284,0.15280577540397644,0.07800326496362686,0.13570958375930786,low_pearson,0.9
35,bbbc021_cell_00035,ru_poisson,RU-Poisson,0.9473333954811096,0.9163923263549805,0.3407936990261078,0.1741790622472763,0.11497196555137634,0.14545540511608124,low_pearson,0.9
5370,bbbc021_cell_05370,ru_nnls,RU-NNLS,0.9482205510139465,0.9321768283843994,0.35608038306236267,0.14789703488349915,0.12312965840101242,0.12932993471622467,low_pearson,0.9
5370,bbbc021_cell_05370,ru_poisson,RU-Poisson,0.9489307403564453,0.9343985319137573,0.3509730100631714,0.14789703488349915,0.12312965840101242,0.12932993471622467,low_pearson,0.9
6222,bbbc021_cell_06222,ru_nnls,RU-NNLS,0.9489797949790955,0.9153313636779785,0.28237098455429077,0.16899479925632477,0.1685364842414856,0.1772184818983078,low_pearson,0.9
6971,bbbc021_cell_06971,ru_poisson,RU-Poisson,0.9491500854492188,0.9441731572151184,0.33692044019699097,0.04434474557638168,0.08385538309812546,0.06332749873399734,low_pearson,0.9
6971,bbbc021_cell_06971,ru_nnls,RU-NNLS,0.9497728943824768,0.9442380666732788,0.3259962797164917,0.04434474557638168,0.08385538309812546,0.06332749873399734,low_pearson,0.9
3341,bbbc021_cell_03341,ru_nnls,RU-NNLS,0.9503540992736816,0.9319716095924377,0.27928850054740906,0.10873053967952728,0.16288158297538757,0.126439169049263,low_pearson,0.9
6222,bbbc021_cell_06222,ru_poisson,RU-Poisson,0.9507673382759094,0.919856071472168,0.2752659022808075,0.16899479925632477,0.1685364842414856,0.1772184818983078,low_pearson,0.9
5770,bbbc021_cell_05770,ru_poisson,RU-Poisson,0.9508948922157288,0.9088395237922668,0.39983221888542175,0.10757958143949509,0.06573743373155594,0.08180484920740128,low_pearson,0.9
3341,bbbc021_cell_03341,ru_poisson,RU-Poisson,0.9509337544441223,0.9326332807540894,0.27821534872055054,0.10873053967952728,0.16288158297538757,0.126439169049263,low_pearson,0.9
1068,bbbc021_cell_01068,ru_poisson,RU-Poisson,0.9514002799987793,0.9330366253852844,0.40028059482574463,0.032922208309173584,0.09351795166730881,0.09346625208854675,low_pearson,0.9
5770,bbbc021_cell_05770,ru_nnls,RU-NNLS,0.9516067504882812,0.9098027348518372,0.3964317739009857,0.10757958143949509,0.06573743373155594,0.08180484920740128,low_pearson,0.9
2242,bbbc021_cell_02242,ru_nnls,RU-NNLS,0.9517378807067871,0.9392723441123962,0.23809361457824707,0.152263805270195,0.2791268229484558,0.19827130436897278,low_pearson,0.9
8149,bbbc021_cell_08149,ru_nnls,RU-NNLS,0.952355146408081,0.946142852306366,0.2863612473011017,0.06846330314874649,0.1664997637271881,0.09284856915473938,low_pearson,0.9
2609,bbbc021_cell_02609,ru_poisson,RU-Poisson,0.9526130557060242,0.9176669120788574,0.2995636463165283,0.12200147658586502,0.2145776003599167,0.09786230325698853,low_pearson,0.9
3598,bbbc021_cell_03598,ru_nnls,RU-NNLS,0.9526171088218689,0.9218807816505432,0.32900890707969666,0.13222676515579224,0.17246729135513306,0.08037623018026352,low_pearson,0.9
1068,bbbc021_cell_01068,ru_nnls,RU-NNLS,0.9526178240776062,0.9360213279724121,0.37692809104919434,0.032922208309173584,0.09351795166730881,0.09346625208854675,low_pearson,0.9
6695,bbbc021_cell_06695,ru_nnls,RU-NNLS,0.9526330828666687,0.9397819638252258,0.2673906683921814,0.1260351538658142,0.1622314602136612,0.12986956536769867,low_pearson,0.9
8149,bbbc021_cell_08149,ru_poisson,RU-Poisson,0.9528174996376038,0.9467964172363281,0.28901100158691406,0.06846330314874649,0.1664997637271881,0.09284856915473938,low_pearson,0.9
4188,bbbc021_cell_04188,ru_nnls,RU-NNLS,0.9529352188110352,0.9175535440444946,0.27403417229652405,0.13685213029384613,0.3443950116634369,0.2286251187324524,low_pearson,0.9
2609,bbbc021_cell_02609,ru_nnls,RU-NNLS,0.9529938101768494,0.9179039597511292,0.29919177293777466,0.12200147658586502,0.2145776003599167,0.09786230325698853,low_pearson,0.9
2242,bbbc021_cell_02242,ru_poisson,RU-Poisson,0.9530622363090515,0.9407187700271606,0.2355852723121643,0.152263805270195,0.2791268229484558,0.19827130436897278,low_pearson,0.9
2000,bbbc021_cell_02000,ru_nnls,RU-NNLS,0.9532051682472229,0.9186146259307861,0.26475971937179565,0.14694340527057648,0.23924607038497925,0.12586182355880737,low_pearson,0.9
6695,bbbc021_cell_06695,ru_poisson,RU-Poisson,0.9532386660575867,0.9412306547164917,0.2644893527030945,0.1260351538658142,0.1622314602136612,0.12986956536769867,low_pearson,0.9
3598,bbbc021_cell_03598,ru_poisson,RU-Poisson,0.9533369541168213,0.9247328639030457,0.32453542947769165,0.13222676515579224,0.17246729135513306,0.08037623018026352,low_pearson,0.9
3897,bbbc021_cell_03897,ru_nnls,RU-NNLS,0.9536028504371643,0.9167956709861755,0.3357923924922943,0.10986197739839554,0.10544292628765106,0.2173832207918167,low_pearson,0.9
1506,bbbc021_cell_01506,ru_nnls,RU-NNLS,0.9536101222038269,0.9440958499908447,0.25216811895370483,0.11611493676900864,0.21051383018493652,0.2023492455482483,low_pearson,0.9
4188,bbbc021_cell_04188,ru_poisson,RU-Poisson,0.9541787505149841,0.919395923614502,0.2719062864780426,0.13685213029384613,0.3443950116634369,0.2286251187324524,low_pearson,0.9
5347,bbbc021_cell_05347,ru_nnls,RU-NNLS,0.9545119404792786,0.9445149898529053,0.2921259105205536,0.05526220425963402,0.09757792949676514,0.1132938489317894,low_pearson,0.9
