real_idx,cell_id,preview_path,reason
6837,bbbc021_cell_06837,E:\gsz\LASE_second_paper\BBBC021_download\results_main_exp_practical_lase_44spots\outlier_diagnostics_44spots\outlier_previews\outlier_realidx_6837_bbbc021_cell_06837.png,high_NRMSE+low_Pearson
6744,bbbc021_cell_06744,E:\gsz\LASE_second_paper\BBBC021_download\results_main_exp_practical_lase_44spots\outlier_diagnostics_44spots\outlier_previews\outlier_realidx_6744_bbbc021_cell_06744.png,high_NRMSE+low_Pearson
5265,bbbc021_cell_05265,E:\gsz\LASE_second_paper\BBBC021_download\results_main_exp_practical_lase_44spots\outlier_diagnostics_44spots\outlier_previews\outlier_realidx_5265_bbbc021_cell_05265.png,high_NRMSE+low_Pearson
260,bbbc021_cell_00260,E:\gsz\LASE_second_paper\BBBC021_download\results_main_exp_practical_lase_44spots\outlier_diagnostics_44spots\outlier_previews\outlier_realidx_260_bbbc021_cell_00260.png,high_NRMSE+low_Pearson
2775,bbbc021_cell_02775,E:\gsz\LASE_second_paper\BBBC021_download\results_main_exp_practical_lase_44spots\outlier_diagnostics_44spots\outlier_previews\outlier_realidx_2775_bbbc021_cell_02775.png,high_NRMSE+low_Pearson
1441,bbbc021_cell_01441,E:\gsz\LASE_second_paper\BBBC021_download\results_main_exp_practical_lase_44spots\outlier_diagnostics_44spots\outlier_previews\outlier_realidx_1441_bbbc021_cell_01441.png,high_NRMSE+low_Pearson
4069,bbbc021_cell_04069,E:\gsz\LASE_second_paper\BBBC021_download\results_main_exp_practical_lase_44spots\outlier_diagnostics_44spots\outlier_previews\outlier_realidx_4069_bbbc021_cell_04069.png,high_NRMSE+low_Pearson
1068,bbbc021_cell_01068,E:\gsz\LASE_second_paper\BBBC021_download\results_main_exp_practical_lase_44spots\outlier_diagnostics_44spots\outlier_previews\outlier_realidx_1068_bbbc021_cell_01068.png,high_NRMSE+low_Pearson
5770,bbbc021_cell_05770,E:\gsz\LASE_second_paper\BBBC021_download\results_main_exp_practical_lase_44spots\outlier_diagnostics_44spots\outlier_previews\outlier_realidx_5770_bbbc021_cell_05770.png,high_NRMSE+low_Pearson
5370,bbbc021_cell_05370,E:\gsz\LASE_second_paper\BBBC021_download\results_main_exp_practical_lase_44spots\outlier_diagnostics_44spots\outlier_previews\outlier_realidx_5370_bbbc021_cell_05370.png,high_NRMSE+low_Pearson
35,bbbc021_cell_00035,E:\gsz\LASE_second_paper\BBBC021_download\results_main_exp_practical_lase_44spots\outlier_diagnostics_44spots\outlier_previews\outlier_realidx_35_bbbc021_cell_00035.png,high_NRMSE+low_Pearson
41,bbbc021_cell_00041,E:\gsz\LASE_second_paper\BBBC021_download\results_main_exp_practical_lase_44spots\outlier_diagnostics_44spots\outlier_previews\outlier_realidx_41_bbbc021_cell_00041.png,high_NRMSE+low_Pearson
6971,bbbc021_cell_06971,E:\gsz\LASE_second_paper\BBBC021_download\results_main_exp_practical_lase_44spots\outlier_diagnostics_44spots\outlier_previews\outlier_realidx_6971_bbbc021_cell_06971.png,high_NRMSE+low_Pearson
3897,bbbc021_cell_03897,E:\gsz\LASE_second_paper\BBBC021_download\results_main_exp_practical_lase_44spots\outlier_diagnostics_44spots\outlier_previews\outlier_realidx_3897_bbbc021_cell_03897.png,high_NRMSE+low_Pearson
3598,bbbc021_cell_03598,E:\gsz\LASE_second_paper\BBBC021_download\results_main_exp_practical_lase_44spots\outlier_diagnostics_44spots\outlier_previews\outlier_realidx_3598_bbbc021_cell_03598.png,high_NRMSE+low_Pearson
5360,bbbc021_cell_05360,E:\gsz\LASE_second_paper\BBBC021_download\results_main_exp_practical_lase_44spots\outlier_diagnostics_44spots\outlier_previews\outlier_realidx_5360_bbbc021_cell_05360.png,high_NRMSE+low_Pearson
3846,bbbc021_cell_03846,E:\gsz\LASE_second_paper\BBBC021_download\results_main_exp_practical_lase_44spots\outlier_diagnostics_44spots\outlier_previews\outlier_realidx_3846_bbbc021_cell_03846.png,high_NRMSE
5774,bbbc021_cell_05774,E:\gsz\LASE_second_paper\BBBC021_download\results_main_exp_practical_lase_44spots\outlier_diagnostics_44spots\outlier_previews\outlier_realidx_5774_bbbc021_cell_05774.png,high_NRMSE
1076,bbbc021_cell_01076,E:\gsz\LASE_second_paper\BBBC021_download\results_main_exp_practical_lase_44spots\outlier_diagnostics_44spots\outlier_previews\outlier_realidx_1076_bbbc021_cell_01076.png,high_NRMSE
5608,bbbc021_cell_05608,E:\gsz\LASE_second_paper\BBBC021_download\results_main_exp_practical_lase_44spots\outlier_diagnostics_44spots\outlier_previews\outlier_realidx_5608_bbbc021_cell_05608.png,high_NRMSE
3592,bbbc021_cell_03592,E:\gsz\LASE_second_paper\BBBC021_download\results_main_exp_practical_lase_44spots\outlier_diagnostics_44spots\outlier_previews\outlier_realidx_3592_bbbc021_cell_03592.png,high_NRMSE
7154,bbbc021_cell_07154,E:\gsz\LASE_second_paper\BBBC021_download\results_main_exp_practical_lase_44spots\outlier_diagnostics_44spots\outlier_previews\outlier_realidx_7154_bbbc021_cell_07154.png,high_NRMSE
721,bbbc021_cell_00721,E:\gsz\LASE_second_paper\BBBC021_download\results_main_exp_practical_lase_44spots\outlier_diagnostics_44spots\outlier_previews\outlier_realidx_721_bbbc021_cell_00721.png,high_NRMSE
7299,bbbc021_cell_07299,E:\gsz\LASE_second_paper\BBBC021_download\results_main_exp_practical_lase_44spots\outlier_diagnostics_44spots\outlier_previews\outlier_realidx_7299_bbbc021_cell_07299.png,high_NRMSE
491,bbbc021_cell_00491,E:\gsz\LASE_second_paper\BBBC021_download\results_main_exp_practical_lase_44spots\outlier_diagnostics_44spots\outlier_previews\outlier_realidx_491_bbbc021_cell_00491.png,high_NRMSE
8058,bbbc021_cell_08058,E:\gsz\LASE_second_paper\BBBC021_download\results_main_exp_practical_lase_44spots\outlier_diagnostics_44spots\outlier_previews\outlier_realidx_8058_bbbc021_cell_08058.png,high_NRMSE
366,bbbc021_cell_00366,E:\gsz\LASE_second_paper\BBBC021_download\results_main_exp_practical_lase_44spots\outlier_diagnostics_44spots\outlier_previews\outlier_realidx_366_bbbc021_cell_00366.png,high_NRMSE
6559,bbbc021_cell_06559,E:\gsz\LASE_second_paper\BBBC021_download\results_main_exp_practical_lase_44spots\outlier_diagnostics_44spots\outlier_previews\outlier_realidx_6559_bbbc021_cell_06559.png,high_NRMSE
4361,bbbc021_cell_04361,E:\gsz\LASE_second_paper\BBBC021_download\results_main_exp_practical_lase_44spots\outlier_diagnostics_44spots\outlier_previews\outlier_realidx_4361_bbbc021_cell_04361.png,high_NRMSE
4555,bbbc021_cell_04555,E:\gsz\LASE_second_paper\BBBC021_download\results_main_exp_practical_lase_44spots\outlier_diagnostics_44spots\outlier_previews\outlier_realidx_4555_bbbc021_cell_04555.png,high_NRMSE
