real_idx,cell_id,flag_high_nrmse,flag_low_pearson,max_nrmse_all_methods_dyes,min_pearson_all_methods
6837,bbbc021_cell_06837,1,1,10.013646125793457,0.4243607223033905
6744,bbbc021_cell_06744,1,1,5.267203330993652,0.7998979687690735
5265,bbbc021_cell_05265,1,1,0.7742903828620911,0.8593541979789734
260,bbbc021_cell_00260,1,1,0.6187583208084106,0.9385879039764404
2775,bbbc021_cell_02775,1,1,0.6003029942512512,0.9422888159751892
1441,bbbc021_cell_01441,1,1,0.4178704023361206,0.9470774531364441
4069,bbbc021_cell_04069,1,1,0.416495680809021,0.9450638890266418
1068,bbbc021_cell_01068,1,1,0.40028059482574463,0.9514002799987793
5770,bbbc021_cell_05770,1,1,0.39983221888542175,0.9508948922157288
5370,bbbc021_cell_05370,1,1,0.35608038306236267,0.9482205510139465
35,bbbc021_cell_00035,1,1,0.34126970171928406,0.9458184838294983
41,bbbc021_cell_00041,1,1,0.341073215007782,0.9435558319091797
6971,bbbc021_cell_06971,1,1,0.33692044019699097,0.9491500854492188
3897,bbbc021_cell_03897,1,1,0.3357923924922943,0.9536028504371643
3598,bbbc021_cell_03598,1,1,0.32900890707969666,0.9526171088218689
5360,bbbc021_cell_05360,1,1,0.3212268650531769,0.943108856678009
3846,bbbc021_cell_03846,1,0,0.5196536779403687,0.9571579098701477
5774,bbbc021_cell_05774,1,0,0.47317034006118774,0.9586885571479797
1076,bbbc021_cell_01076,1,0,0.42125481367111206,0.9657833576202393
5608,bbbc021_cell_05608,1,0,0.4053767919540405,0.9613286852836609
3592,bbbc021_cell_03592,1,0,0.36586108803749084,0.9674796462059021
7154,bbbc021_cell_07154,1,0,0.3611801862716675,0.956995964050293
721,bbbc021_cell_00721,1,0,0.3586781620979309,0.9618410468101501
7299,bbbc021_cell_07299,1,0,0.3548094928264618,0.9624852538108826
491,bbbc021_cell_00491,1,0,0.352348268032074,0.960141658782959
8058,bbbc021_cell_08058,1,0,0.3505242168903351,0.9575813412666321
366,bbbc021_cell_00366,1,0,0.34615883231163025,0.9709069728851318
6559,bbbc021_cell_06559,1,0,0.3446379601955414,0.9551467895507812
4361,bbbc021_cell_04361,1,0,0.34046581387519836,0.9621126651763916
4555,bbbc021_cell_04555,1,0,0.33605194091796875,0.9592612385749817
3845,bbbc021_cell_03845,1,0,0.335197776556015,0.9612438082695007
5877,bbbc021_cell_05877,1,0,0.3342008888721466,0.9630454182624817
5120,bbbc021_cell_05120,1,0,0.33145543932914734,0.9698560237884521
3886,bbbc021_cell_03886,1,0,0.32958126068115234,0.9615470767021179
1213,bbbc021_cell_01213,1,0,0.3218882977962494,0.9605965614318848
1765,bbbc021_cell_01765,1,0,0.31751158833503723,0.9668912887573242
4376,bbbc021_cell_04376,1,0,0.3154236078262329,0.9679162502288818
1888,bbbc021_cell_01888,1,0,0.3138120174407959,0.9704594612121582
1881,bbbc021_cell_01881,1,0,0.31287911534309387,0.9587299227714539
6552,bbbc021_cell_06552,1,0,0.31255707144737244,0.96409010887146
7629,bbbc021_cell_07629,1,0,0.31113535165786743,0.9598243832588196
3597,bbbc021_cell_03597,1,0,0.3106768727302551,0.9647397994995117
297,bbbc021_cell_00297,1,0,0.3045683801174164,0.958681583404541
2224,bbbc021_cell_02224,1,0,0.30438974499702454,0.9590185284614563
3313,bbbc021_cell_03313,1,0,0.302988737821579,0.9570315480232239
65,bbbc021_cell_00065,1,0,0.3013867437839508,0.9628718495368958
2609,bbbc021_cell_02609,0,1,0.2995636463165283,0.9526130557060242
5347,bbbc021_cell_05347,0,1,0.29768264293670654,0.9545119404792786
8149,bbbc021_cell_08149,0,1,0.28901100158691406,0.952355146408081
6222,bbbc021_cell_06222,0,1,0.28237098455429077,0.9489797949790955
3341,bbbc021_cell_03341,0,1,0.27928850054740906,0.9503540992736816
4188,bbbc021_cell_04188,0,1,0.27403417229652405,0.9529352188110352
6695,bbbc021_cell_06695,0,1,0.2673906683921814,0.9526330828666687
2000,bbbc021_cell_02000,0,1,0.26475971937179565,0.9532051682472229
1506,bbbc021_cell_01506,0,1,0.25216811895370483,0.9536101222038269
2242,bbbc021_cell_02242,0,1,0.23809361457824707,0.9517378807067871
