real_idx,cell_id,method_key,method,dye_index,dye,nrmse,rmse,true_rms,pearson_dye,true_mean,true_max,hat_mean,hat_max,outlier_type,nrmse_p99_cutoff
6837,bbbc021_cell_06837,ru_poisson,RU-Poisson,1,DIA-like,10.013646125793457,0.00821615569293499,0.0008204859332181513,0.20950725674629211,0.0001224441220983863,0.009867302142083645,0.004046678077429533,0.08802007138729095,high_per_dye_nrmse,0.30104701161384567
6837,bbbc021_cell_06837,ru_nnls,RU-NNLS,1,DIA-like,9.610039710998535,0.007884998805820942,0.0008204859332181513,0.26587823033332825,0.0001224441220983863,0.009867302142083645,0.0038192777428776026,0.12153548002243042,high_per_dye_nrmse,0.30104701161384567
6837,bbbc021_cell_06837,joint,SA-Joint,1,DIA-like,7.194884300231934,0.005903373472392559,0.0008204859332181513,0.9099524021148682,0.0001224441220983863,0.009867302142083645,0.001843673293478787,0.06988175213336945,high_per_dye_nrmse,0.30104701161384567
6744,bbbc021_cell_06744,joint,SA-Joint,1,DIA-like,5.267203330993652,0.015173755586147308,0.002880789339542389,0.9272725582122803,0.00040131749119609594,0.03641267865896225,0.0033001978881657124,0.20086818933486938,high_per_dye_nrmse,0.30104701161384567
6837,bbbc021_cell_06837,ru_poisson,RU-Poisson,2,DeepRed-like,4.490987777709961,0.00871691107749939,0.001940968562848866,0.07598531991243362,0.00028377509443089366,0.028301887214183807,0.006657571531832218,0.04698609933257103,high_per_dye_nrmse,0.30104701161384567
6837,bbbc021_cell_06837,ru_nnls,RU-NNLS,2,DeepRed-like,3.9656593799591064,0.00769726000726223,0.001940968562848866,0.0779459998011589,0.00028377509443089366,0.028301887214183807,0.005671990104019642,0.05106518417596817,high_per_dye_nrmse,0.30104701161384567
6744,bbbc021_cell_06744,ru_poisson,RU-Poisson,1,DIA-like,3.753371238708496,0.010812709107995033,0.002880789339542389,0.4668276011943817,0.00040131749119609594,0.03641267865896225,0.00472477450966835,0.2314527928829193,high_per_dye_nrmse,0.30104701161384567
6744,bbbc021_cell_06744,ru_nnls,RU-NNLS,1,DIA-like,3.5493876934051514,0.01022507343441248,0.002880789339542389,0.48460352420806885,0.00040131749119609594,0.03641267865896225,0.004459780175238848,0.26238712668418884,high_per_dye_nrmse,0.30104701161384567
6837,bbbc021_cell_06837,joint,SA-Joint,2,DeepRed-like,0.9503868818283081,0.0018446805188432336,0.001940968562848866,0.5037322044372559,0.00028377509443089366,0.028301887214183807,0.0009387907921336591,0.043032243847846985,high_per_dye_nrmse,0.30104701161384567
5265,bbbc021_cell_05265,ru_poisson,RU-Poisson,1,DIA-like,0.7742903828620911,0.030782425776124,0.039755649864673615,0.6565022468566895,0.015743732452392578,0.9453375935554504,0.020194988697767258,0.324169397354126,high_per_dye_nrmse,0.30104701161384567
5265,bbbc021_cell_05265,ru_nnls,RU-NNLS,1,DIA-like,0.7572686672210693,0.0301057156175375,0.039755649864673615,0.6660938858985901,0.015743732452392578,0.9453375935554504,0.019562136381864548,0.3162972331047058,high_per_dye_nrmse,0.30104701161384567
5265,bbbc021_cell_05265,joint,SA-Joint,1,DIA-like,0.6542302966117859,0.02600935846567154,0.039755649864673615,0.8365651369094849,0.015743732452392578,0.9453375935554504,0.02350897714495659,0.49033746123313904,high_per_dye_nrmse,0.30104701161384567
260,bbbc021_cell_00260,ru_poisson,RU-Poisson,2,DeepRed-like,0.6187583208084106,0.011339462362229824,0.01832614839076996,0.8599205613136292,0.0031517348252236843,0.1736745834350586,0.00928184762597084,0.2679050862789154,high_per_dye_nrmse,0.30104701161384567
2775,bbbc021_cell_02775,ru_nnls,RU-NNLS,1,DIA-like,0.6003029942512512,0.017571816220879555,0.029271569103002548,0.8492701053619385,0.006664642132818699,0.19969040155410767,0.01016693003475666,0.5189193487167358,high_per_dye_nrmse,0.30104701161384567
2775,bbbc021_cell_02775,ru_poisson,RU-Poisson,1,DIA-like,0.5996160507202148,0.017551708966493607,0.029271569103002548,0.8490132093429565,0.006664642132818699,0.19969040155410767,0.010505441576242447,0.4570905864238739,high_per_dye_nrmse,0.30104701161384567
260,bbbc021_cell_00260,ru_nnls,RU-NNLS,2,DeepRed-like,0.5953606367111206,0.010910673066973686,0.01832614839076996,0.8602996468544006,0.0031517348252236843,0.1736745834350586,0.00839872844517231,0.2932718098163605,high_per_dye_nrmse,0.30104701161384567
3846,bbbc021_cell_03846,joint,SA-Joint,1,DIA-like,0.5196536779403687,0.026259873062372208,0.05053339898586273,0.9171767234802246,0.011407621204853058,0.47456836700439453,0.015601033344864845,0.4811147451400757,high_per_dye_nrmse,0.30104701161384567
5774,bbbc021_cell_05774,joint,SA-Joint,1,DIA-like,0.47317034006118774,0.038739096373319626,0.08187134563922882,0.8909069895744324,0.009944802150130272,1.0,0.018207840621471405,1.113491177558899,high_per_dye_nrmse,0.30104701161384567
2775,bbbc021_cell_02775,joint,SA-Joint,1,DIA-like,0.4671008586883545,0.013672779314219952,0.029271569103002548,0.9709758162498474,0.006664642132818699,0.19969040155410767,0.009855115786194801,0.27846601605415344,high_per_dye_nrmse,0.30104701161384567
3846,bbbc021_cell_03846,ru_poisson,RU-Poisson,1,DIA-like,0.4502955675125122,0.0227549709379673,0.05053339898586273,0.8923823833465576,0.011407621204853058,0.47456836700439453,0.015036489814519882,0.47408026456832886,high_per_dye_nrmse,0.30104701161384567
3846,bbbc021_cell_03846,ru_nnls,RU-NNLS,1,DIA-like,0.44916144013404846,0.022697659209370613,0.05053339898586273,0.8920280933380127,0.011407621204853058,0.47456836700439453,0.014661023393273354,0.5031659007072449,high_per_dye_nrmse,0.30104701161384567
1076,bbbc021_cell_01076,ru_poisson,RU-Poisson,1,DIA-like,0.42125481367111206,0.01745792292058468,0.04144265502691269,0.9172870516777039,0.007613229565322399,0.3412969410419464,0.011550650000572205,0.5621398091316223,high_per_dye_nrmse,0.30104701161384567
1441,bbbc021_cell_01441,ru_poisson,RU-Poisson,1,DIA-like,0.4178704023361206,0.032595258206129074,0.07800326496362686,0.8891562223434448,0.03604401648044586,0.5764411091804504,0.03961848095059395,0.44515758752822876,high_per_dye_nrmse,0.30104701161384567
1076,bbbc021_cell_01076,ru_nnls,RU-NNLS,1,DIA-like,0.4169163703918457,0.017278125509619713,0.04144265502691269,0.9183600544929504,0.007613229565322399,0.3412969410419464,0.011194734834134579,0.5470815896987915,high_per_dye_nrmse,0.30104701161384567
4069,bbbc021_cell_04069,ru_poisson,RU-Poisson,2,DeepRed-like,0.416495680809021,0.018505247309803963,0.04443081468343735,0.9101574420928955,0.012629274278879166,0.52161705493927,0.0181613527238369,0.3829859495162964,high_per_dye_nrmse,0.30104701161384567
1441,bbbc021_cell_01441,ru_nnls,RU-NNLS,1,DIA-like,0.41387930512428284,0.03228393942117691,0.07800326496362686,0.8895266652107239,0.03604401648044586,0.5764411091804504,0.03853047266602516,0.40577414631843567,high_per_dye_nrmse,0.30104701161384567
4069,bbbc021_cell_04069,ru_nnls,RU-NNLS,2,DeepRed-like,0.4107547402381897,0.018250172957777977,0.04443081468343735,0.9106459617614746,0.012629274278879166,0.52161705493927,0.017450418323278427,0.38265261054039,high_per_dye_nrmse,0.30104701161384567
5608,bbbc021_cell_05608,ru_nnls,RU-NNLS,1,DIA-like,0.4053767919540405,0.0220000259578228,0.05427055060863495,0.9131178259849548,0.0119289830327034,0.5323383212089539,0.01529916562139988,0.5219559669494629,high_per_dye_nrmse,0.30104701161384567
5608,bbbc021_cell_05608,ru_poisson,RU-Poisson,1,DIA-like,0.403316468000412,0.021888211369514465,0.05427055060863495,0.9139854907989502,0.0119289830327034,0.5323383212089539,0.015584051609039307,0.4693426787853241,high_per_dye_nrmse,0.30104701161384567
1068,bbbc021_cell_01068,ru_poisson,RU-Poisson,0,SYTO16-like,0.40028059482574463,0.013178125955164433,0.032922208309173584,0.9330366253852844,0.007111329585313797,0.32646048069000244,0.01338580809533596,0.3441016972064972,high_per_dye_nrmse,0.30104701161384567
5770,bbbc021_cell_05770,ru_poisson,RU-Poisson,1,DIA-like,0.39983221888542175,0.026283947750926018,0.06573743373155594,0.9088395237922668,0.020354483276605606,0.7432432174682617,0.023389579728245735,0.5750063061714172,high_per_dye_nrmse,0.30104701161384567
5770,bbbc021_cell_05770,ru_nnls,RU-NNLS,1,DIA-like,0.3964317739009857,0.02606040984392166,0.06573743373155594,0.9098027348518372,0.020354483276605606,0.7432432174682617,0.022750258445739746,0.5897191166877747,high_per_dye_nrmse,0.30104701161384567
1068,bbbc021_cell_01068,ru_nnls,RU-NNLS,0,SYTO16-like,0.37692809104919434,0.012409308925271034,0.032922208309173584,0.9360213279724121,0.007111329585313797,0.32646048069000244,0.012170080095529556,0.340959370136261,high_per_dye_nrmse,0.30104701161384567
5774,bbbc021_cell_05774,ru_poisson,RU-Poisson,1,DIA-like,0.3767264485359192,0.030843105167150497,0.08187134563922882,0.9285541772842407,0.009944802150130272,1.0,0.01501967292279005,1.0388963222503662,high_per_dye_nrmse,0.30104701161384567
5774,bbbc021_cell_05774,ru_nnls,RU-NNLS,1,DIA-like,0.36953264474868774,0.030254138633608818,0.08187134563922882,0.9313904047012329,0.009944802150130272,1.0,0.014641978777945042,1.0489273071289062,high_per_dye_nrmse,0.30104701161384567
3592,bbbc021_cell_03592,ru_poisson,RU-Poisson,1,DIA-like,0.36586108803749084,0.027416685596108437,0.07493741065263748,0.9283497929573059,0.020281074568629265,0.5757575631141663,0.024371562525629997,0.6255978345870972,high_per_dye_nrmse,0.30104701161384567
3592,bbbc021_cell_03592,ru_nnls,RU-NNLS,1,DIA-like,0.3634198307991028,0.02723374404013157,0.07493741065263748,0.9295687675476074,0.020281074568629265,0.5757575631141663,0.024100609123706818,0.6330463886260986,high_per_dye_nrmse,0.30104701161384567
7154,bbbc021_cell_07154,ru_nnls,RU-NNLS,2,DeepRed-like,0.3611801862716675,0.031421542167663574,0.08699685335159302,0.9105367064476013,0.043782804161310196,0.3442623019218445,0.048396676778793335,0.318502813577652,high_per_dye_nrmse,0.30104701161384567
721,bbbc021_cell_00721,ru_nnls,RU-NNLS,1,DIA-like,0.3586781620979309,0.038239918649196625,0.10661344975233078,0.9264999032020569,0.033857811242341995,1.0,0.036752089858055115,0.8536677360534668,high_per_dye_nrmse,0.30104701161384567
5370,bbbc021_cell_05370,ru_nnls,RU-NNLS,1,DIA-like,0.35608038306236267,0.043844059109687805,0.12312965840101242,0.9321768283843994,0.030469264835119247,1.0,0.03346944600343704,0.8741024136543274,high_per_dye_nrmse,0.30104701161384567
7299,bbbc021_cell_07299,ru_nnls,RU-NNLS,1,DIA-like,0.3548094928264618,0.028019757941365242,0.078971266746521,0.9238786697387695,0.03133915364742279,0.8004246354103088,0.03361673653125763,0.6712139248847961,high_per_dye_nrmse,0.30104701161384567
7154,bbbc021_cell_07154,ru_poisson,RU-Poisson,2,DeepRed-like,0.3545972406864166,0.030848847702145576,0.08699685335159302,0.9145386219024658,0.043782804161310196,0.3442623019218445,0.04891052469611168,0.31213560700416565,high_per_dye_nrmse,0.30104701161384567
721,bbbc021_cell_00721,ru_poisson,RU-Poisson,1,DIA-like,0.35388538241386414,0.037728942930698395,0.10661344975233078,0.9286754131317139,0.033857811242341995,1.0,0.03718573600053787,0.8778851628303528,high_per_dye_nrmse,0.30104701161384567
7299,bbbc021_cell_07299,ru_poisson,RU-Poisson,1,DIA-like,0.3523882031440735,0.02782854437828064,0.078971266746521,0.9259522557258606,0.03133915364742279,0.8004246354103088,0.034625742584466934,0.6447703838348389,high_per_dye_nrmse,0.30104701161384567
491,bbbc021_cell_00491,ru_poisson,RU-Poisson,1,DIA-like,0.352348268032074,0.03248830512166023,0.09220508486032486,0.9291898608207703,0.03075353056192398,1.0,0.03475301340222359,0.753598153591156,high_per_dye_nrmse,0.30104701161384567
491,bbbc021_cell_00491,ru_nnls,RU-NNLS,1,DIA-like,0.3521694540977478,0.03247181698679924,0.09220508486032486,0.9290156960487366,0.03075353056192398,1.0,0.03420647233724594,0.7615764737129211,high_per_dye_nrmse,0.30104701161384567
5370,bbbc021_cell_05370,ru_poisson,RU-Poisson,1,DIA-like,0.3509730100631714,0.04321518912911415,0.12312965840101242,0.9343985319137573,0.030469264835119247,1.0,0.033741652965545654,0.9270968437194824,high_per_dye_nrmse,0.30104701161384567
8058,bbbc021_cell_08058,ru_poisson,RU-Poisson,2,DeepRed-like,0.3505242168903351,0.014941878616809845,0.04262722656130791,0.9443934559822083,0.009959382936358452,0.2578616440296173,0.015916673466563225,0.30149662494659424,high_per_dye_nrmse,0.30104701161384567
8058,bbbc021_cell_08058,ru_nnls,RU-NNLS,2,DeepRed-like,0.34984269738197327,0.014912827871739864,0.04262722656130791,0.9416981935501099,0.009959382936358452,0.2578616440296173,0.015152262523770332,0.3074161112308502,high_per_dye_nrmse,0.30104701161384567
366,bbbc021_cell_00366,ru_nnls,RU-NNLS,1,DIA-like,0.34615883231163025,0.0282894354313612,0.08172385394573212,0.9343749284744263,0.0231463760137558,0.6920993328094482,0.026515962556004524,0.708579957485199,high_per_dye_nrmse,0.30104701161384567
6559,bbbc021_cell_06559,ru_poisson,RU-Poisson,1,DIA-like,0.3446379601955414,0.04194122552871704,0.12169646471738815,0.9235056042671204,0.05439934507012367,1.0,0.05818379670381546,0.9314438700675964,high_per_dye_nrmse,0.30104701161384567
6559,bbbc021_cell_06559,ru_nnls,RU-NNLS,1,DIA-like,0.34389597177505493,0.04185092821717262,0.12169646471738815,0.9234752655029297,0.05439934507012367,1.0,0.056991785764694214,0.9321778416633606,high_per_dye_nrmse,0.30104701161384567
366,bbbc021_cell_00366,ru_poisson,RU-Poisson,1,DIA-like,0.34324586391448975,0.028051376342773438,0.08172385394573212,0.9356696605682373,0.0231463760137558,0.6920993328094482,0.02694818004965782,0.7460038065910339,high_per_dye_nrmse,0.30104701161384567
35,bbbc021_cell_00035,ru_nnls,RU-NNLS,2,DeepRed-like,0.34126970171928406,0.04963952675461769,0.14545540511608124,0.9153441190719604,0.08057296276092529,1.0,0.08419786393642426,0.6630420088768005,high_per_dye_nrmse,0.30104701161384567
41,bbbc021_cell_00041,ru_poisson,RU-Poisson,1,DIA-like,0.341073215007782,0.046981461346149445,0.1377459615468979,0.9208124279975891,0.06781594455242157,1.0,0.07229169458150864,0.7757062315940857,high_per_dye_nrmse,0.30104701161384567
35,bbbc021_cell_00035,ru_poisson,RU-Poisson,2,DeepRed-like,0.3407936990261078,0.049570292234420776,0.14545540511608124,0.9163923263549805,0.08057296276092529,1.0,0.08405601233243942,0.6459598541259766,high_per_dye_nrmse,0.30104701161384567
4361,bbbc021_cell_04361,ru_nnls,RU-NNLS,1,DIA-like,0.34046581387519836,0.029622601345181465,0.0870060920715332,0.9285091161727905,0.03942207247018814,0.5530201196670532,0.04241056367754936,0.4687167704105377,high_per_dye_nrmse,0.30104701161384567
4361,bbbc021_cell_04361,ru_poisson,RU-Poisson,1,DIA-like,0.33853065967559814,0.02945423126220703,0.0870060920715332,0.9297258853912354,0.03942207247018814,0.5530201196670532,0.04298863559961319,0.43647992610931396,high_per_dye_nrmse,0.30104701161384567
41,bbbc021_cell_00041,ru_nnls,RU-NNLS,1,DIA-like,0.3382289707660675,0.0465896800160408,0.1377459615468979,0.9217814803123474,0.06781594455242157,1.0,0.07091659307479858,0.760880172252655,high_per_dye_nrmse,0.30104701161384567
6971,bbbc021_cell_06971,ru_poisson,RU-Poisson,0,SYTO16-like,0.33692044019699097,0.0149406548589468,0.04434474557638168,0.9510669708251953,0.009142659604549408,0.47333332896232605,0.015633122995495796,0.4375782608985901,high_per_dye_nrmse,0.30104701161384567
4555,bbbc021_cell_04555,ru_poisson,RU-Poisson,1,DIA-like,0.33605194091796875,0.026205992326140404,0.07798196375370026,0.9356845617294312,0.025754913687705994,0.6338582634925842,0.028729332610964775,0.6282201409339905,high_per_dye_nrmse,0.30104701161384567
3897,bbbc021_cell_03897,ru_nnls,RU-NNLS,1,DIA-like,0.3357923924922943,0.0354069359600544,0.10544292628765106,0.9167956709861755,0.06093791872262955,0.3779527544975281,0.0630744993686676,0.4129767119884491,high_per_dye_nrmse,0.30104701161384567
3845,bbbc021_cell_03845,ru_nnls,RU-NNLS,1,DIA-like,0.335197776556015,0.025432366877794266,0.07587271183729172,0.9349619150161743,0.029991643503308296,0.3949446976184845,0.03368350863456726,0.45898154377937317,high_per_dye_nrmse,0.30104701161384567
5877,bbbc021_cell_05877,ru_nnls,RU-NNLS,1,DIA-like,0.3342008888721466,0.03305228054523468,0.09889943152666092,0.9325355887413025,0.03909474238753319,0.6855036616325378,0.04259268939495087,0.5696225762367249,high_per_dye_nrmse,0.30104701161384567
5877,bbbc021_cell_05877,ru_poisson,RU-Poisson,1,DIA-like,0.3338104784488678,0.03301366791129112,0.09889943152666092,0.9331205487251282,0.03909474238753319,0.6855036616325378,0.043195828795433044,0.5663225650787354,high_per_dye_nrmse,0.30104701161384567
3845,bbbc021_cell_03845,ru_poisson,RU-Poisson,1,DIA-like,0.3336968421936035,0.025318486616015434,0.07587271183729172,0.9363659024238586,0.029991643503308296,0.3949446976184845,0.034395329654216766,0.5034276247024536,high_per_dye_nrmse,0.30104701161384567
5120,bbbc021_cell_05120,ru_nnls,RU-NNLS,0,SYTO16-like,0.33145543932914734,0.017870169132947922,0.053914230316877365,0.9445686936378479,0.016644703224301338,0.3309352397918701,0.02199874259531498,0.3774237632751465,high_per_dye_nrmse,0.30104701161384567
4555,bbbc021_cell_04555,ru_nnls,RU-NNLS,1,DIA-like,0.33130836486816406,0.025836078450083733,0.07798196375370026,0.9372761249542236,0.025754913687705994,0.6338582634925842,0.028255781158804893,0.6387174129486084,high_per_dye_nrmse,0.30104701161384567
6744,bbbc021_cell_06744,ru_poisson,RU-Poisson,2,DeepRed-like,0.33051401376724243,0.014209172688424587,0.04299112409353256,0.959030032157898,0.005618279799818993,0.7006236910820007,0.011611664667725563,0.5741066336631775,high_per_dye_nrmse,0.30104701161384567
8058,bbbc021_cell_08058,ru_poisson,RU-Poisson,0,SYTO16-like,0.3304097652435303,0.01703741028904915,0.051564477384090424,0.9565405249595642,0.0075905537232756615,0.8461538553237915,0.014136807061731815,0.686839759349823,high_per_dye_nrmse,0.30104701161384567
3886,bbbc021_cell_03886,ru_poisson,RU-Poisson,0,SYTO16-like,0.32958126068115234,0.02522391639649868,0.07653321325778961,0.937442421913147,0.028897136449813843,0.4225352108478546,0.034143343567848206,0.49733641743659973,high_per_dye_nrmse,0.30104701161384567
5120,bbbc021_cell_05120,ru_poisson,RU-Poisson,0,SYTO16-like,0.32929933071136475,0.017753923311829567,0.053914230316877365,0.9465473890304565,0.016644703224301338,0.3309352397918701,0.022711753845214844,0.3803366422653198,high_per_dye_nrmse,0.30104701161384567
3598,bbbc021_cell_03598,ru_nnls,RU-NNLS,2,DeepRed-like,0.32900890707969666,0.02644449844956398,0.08037623018026352,0.9218807816505432,0.04304391145706177,0.26929134130477905,0.04578908532857895,0.31818997859954834,high_per_dye_nrmse,0.30104701161384567
3886,bbbc021_cell_03886,ru_nnls,RU-NNLS,0,SYTO16-like,0.32848915457725525,0.02514033392071724,0.07653321325778961,0.9375842809677124,0.028897136449813843,0.4225352108478546,0.033799562603235245,0.49248453974723816,high_per_dye_nrmse,0.30104701161384567
3897,bbbc021_cell_03897,ru_poisson,RU-Poisson,1,DIA-like,0.32721295952796936,0.0345022939145565,0.10544292628765106,0.9220066666603088,0.06093791872262955,0.3779527544975281,0.06419272720813751,0.41298916935920715,high_per_dye_nrmse,0.30104701161384567
6971,bbbc021_cell_06971,ru_nnls,RU-NNLS,0,SYTO16-like,0.3259962797164917,0.01445622555911541,0.04434474557638168,0.9513408541679382,0.009142659604549408,0.47333332896232605,0.01455841213464737,0.43345293402671814,high_per_dye_nrmse,0.30104701161384567
3598,bbbc021_cell_03598,ru_poisson,RU-Poisson,2,DeepRed-like,0.32453542947769165,0.026084937155246735,0.08037623018026352,0.9247328639030457,0.04304391145706177,0.26929134130477905,0.04661725461483002,0.3186939060688019,high_per_dye_nrmse,0.30104701161384567
5370,bbbc021_cell_05370,ru_poisson,RU-Poisson,0,SYTO16-like,0.323924720287323,0.0479075126349926,0.14789703488349915,0.9456948041915894,0.03973626717925072,1.0,0.04583970829844475,0.8972815275192261,high_per_dye_nrmse,0.30104701161384567
1076,bbbc021_cell_01076,joint,SA-Joint,1,DIA-like,0.32277578115463257,0.013376688584685326,0.04144265502691269,0.9855034947395325,0.007613229565322399,0.3412969410419464,0.010429593734443188,0.44003066420555115,high_per_dye_nrmse,0.30104701161384567
1213,bbbc021_cell_01213,ru_nnls,RU-NNLS,1,DIA-like,0.3218882977962494,0.037618767470121384,0.1168690100312233,0.9307507276535034,0.05795697122812271,0.6595174074172974,0.06042516231536865,0.6524353623390198,high_per_dye_nrmse,0.30104701161384567
6971,bbbc021_cell_06971,ru_poisson,RU-Poisson,1,DIA-like,0.32174262404441833,0.026979852467775345,0.08385538309812546,0.9441731572151184,0.021422134712338448,0.6840620636940002,0.024799402803182602,0.562179684638977,high_per_dye_nrmse,0.30104701161384567
5370,bbbc021_cell_05370,ru_nnls,RU-NNLS,0,SYTO16-like,0.32154494524002075,0.047555550932884216,0.14789703488349915,0.9459758400917053,0.03973626717925072,1.0,0.044699832797050476,0.9092833995819092,high_per_dye_nrmse,0.30104701161384567
6971,bbbc021_cell_06971,ru_nnls,RU-NNLS,1,DIA-like,0.32135334610939026,0.026947209611535072,0.08385538309812546,0.9442380666732788,0.021422134712338448,0.6840620636940002,0.02427077665925026,0.5632287859916687,high_per_dye_nrmse,0.30104701161384567
5360,bbbc021_cell_05360,ru_nnls,RU-NNLS,2,DeepRed-like,0.3212268650531769,0.028665466234087944,0.08923744410276413,0.9230384826660156,0.05017106980085373,0.5069540739059448,0.05412684381008148,0.5092902779579163,high_per_dye_nrmse,0.30104701161384567
5360,bbbc021_cell_05360,ru_poisson,RU-Poisson,2,DeepRed-like,0.32064592838287354,0.028613625094294548,0.08923744410276413,0.923520028591156,0.05017106980085373,0.5069540739059448,0.05427292734384537,0.46762463450431824,high_per_dye_nrmse,0.30104701161384567
5265,bbbc021_cell_05265,ru_poisson,RU-Poisson,2,DeepRed-like,0.31972798705101013,0.030231786891818047,0.09455469995737076,0.9337500333786011,0.04670889675617218,0.3168523609638214,0.049369893968105316,0.3075057566165924,high_per_dye_nrmse,0.30104701161384567
1213,bbbc021_cell_01213,ru_poisson,RU-Poisson,1,DIA-like,0.31908145546913147,0.03729073703289032,0.1168690100312233,0.9324488639831543,0.05795697122812271,0.6595174074172974,0.06160358339548111,0.659592866897583,high_per_dye_nrmse,0.30104701161384567
1765,bbbc021_cell_01765,ru_poisson,RU-Poisson,1,DIA-like,0.31751158833503723,0.042470354586839676,0.133760005235672,0.9396177530288696,0.05154094099998474,1.0,0.05548547953367233,0.9096065759658813,high_per_dye_nrmse,0.30104701161384567
5265,bbbc021_cell_05265,ru_nnls,RU-NNLS,2,DeepRed-like,0.3170712888240814,0.029980583116412163,0.09455469995737076,0.9340713620185852,0.04670889675617218,0.3168523609638214,0.04905331879854202,0.30725565552711487,high_per_dye_nrmse,0.30104701161384567
1765,bbbc021_cell_01765,ru_nnls,RU-NNLS,1,DIA-like,0.31646254658699036,0.04233003780245781,0.133760005235672,0.9397538900375366,0.05154094099998474,1.0,0.05456520617008209,0.9332287907600403,high_per_dye_nrmse,0.30104701161384567
6744,bbbc021_cell_06744,ru_nnls,RU-NNLS,2,DeepRed-like,0.3155977427959442,0.013567905873060226,0.04299112409353256,0.9614080190658569,0.005618279799818993,0.7006236910820007,0.010681497864425182,0.5528116822242737,high_per_dye_nrmse,0.30104701161384567
8058,bbbc021_cell_08058,ru_nnls,RU-NNLS,0,SYTO16-like,0.31552156805992126,0.016269708052277565,0.051564477384090424,0.9591407179832458,0.0075905537232756615,0.8461538553237915,0.01288582943379879,0.7051829099655151,high_per_dye_nrmse,0.30104701161384567
4376,bbbc021_cell_04376,ru_nnls,RU-NNLS,2,DeepRed-like,0.3154236078262329,0.02442621812224388,0.07743940502405167,0.9440935254096985,0.02771097980439663,0.6098971962928772,0.032440729439258575,0.5481612682342529,high_per_dye_nrmse,0.30104701161384567
1888,bbbc021_cell_01888,ru_poisson,RU-Poisson,1,DIA-like,0.3138120174407959,0.026959149166941643,0.08590858429670334,0.9463014006614685,0.02348964661359787,0.5438972115516663,0.026888635009527206,0.6193177700042725,high_per_dye_nrmse,0.30104701161384567
4376,bbbc021_cell_04376,ru_poisson,RU-Poisson,2,DeepRed-like,0.31306418776512146,0.024243507534265518,0.07743940502405167,0.9460852146148682,0.02771097980439663,0.6098971962928772,0.033139944076538086,0.5418696403503418,high_per_dye_nrmse,0.30104701161384567
1881,bbbc021_cell_01881,ru_poisson,RU-Poisson,1,DIA-like,0.31287911534309387,0.037839632481336594,0.12094009667634964,0.9329014420509338,0.062302228063344955,0.6501280665397644,0.06636662781238556,0.7344904541969299,high_per_dye_nrmse,0.30104701161384567
6552,bbbc021_cell_06552,ru_poisson,RU-Poisson,0,SYTO16-like,0.31255707144737244,0.016321394592523575,0.05221891403198242,0.951908528804779,0.014844460412859917,0.34662577509880066,0.020419860258698463,0.39171043038368225,high_per_dye_nrmse,0.30104701161384567
7629,bbbc021_cell_07629,ru_nnls,RU-NNLS,1,DIA-like,0.31113535165786743,0.03682258352637291,0.11834907531738281,0.9325522184371948,0.06230052560567856,0.4959677457809448,0.06404396891593933,0.6220892071723938,high_per_dye_nrmse,0.30104701161384567
3597,bbbc021_cell_03597,ru_poisson,RU-Poisson,1,DIA-like,0.3106768727302551,0.023829204961657524,0.07670092582702637,0.9545815587043762,0.010686097666621208,0.9781022071838379,0.01417016051709652,0.9184553623199463,high_per_dye_nrmse,0.30104701161384567
1888,bbbc021_cell_01888,ru_nnls,RU-NNLS,1,DIA-like,0.30993133783340454,0.02662576362490654,0.08590858429670334,0.9477806687355042,0.02348964661359787,0.5438972115516663,0.02664336748421192,0.6127933263778687,high_per_dye_nrmse,0.30104701161384567
6971,bbbc021_cell_06971,ru_poisson,RU-Poisson,2,DeepRed-like,0.3095629811286926,0.019603852182626724,0.06332749873399734,0.9522101283073425,0.017498290166258812,0.3839835822582245,0.02339179441332817,0.3535807132720947,high_per_dye_nrmse,0.30104701161384567
1881,bbbc021_cell_01881,ru_nnls,RU-NNLS,1,DIA-like,0.30951541662216187,0.037432827055454254,0.12094009667634964,0.9335001111030579,0.062302228063344955,0.6501280665397644,0.06480082869529724,0.7607547640800476,high_per_dye_nrmse,0.30104701161384567
7629,bbbc021_cell_07629,ru_poisson,RU-Poisson,1,DIA-like,0.30851811170578003,0.0365128368139267,0.11834907531738281,0.93418288230896,0.06230052560567856,0.4959677457809448,0.06554535776376724,0.6432742476463318,high_per_dye_nrmse,0.30104701161384567
6552,bbbc021_cell_06552,ru_nnls,RU-NNLS,0,SYTO16-like,0.30715012550354004,0.0160390492528677,0.05221891403198242,0.9521565437316895,0.014844460412859917,0.34662577509880066,0.019641432911157608,0.38282784819602966,high_per_dye_nrmse,0.30104701161384567
3597,bbbc021_cell_03597,ru_nnls,RU-NNLS,1,DIA-like,0.3061925172805786,0.023485250771045685,0.07670092582702637,0.9566522240638733,0.010686097666621208,0.9781022071838379,0.013707134872674942,0.8720641732215881,high_per_dye_nrmse,0.30104701161384567
35,bbbc021_cell_00035,ru_nnls,RU-NNLS,1,DIA-like,0.30608516931533813,0.035191215574741364,0.11497196555137634,0.9313246011734009,0.065880186855793,0.4237508177757263,0.0670965388417244,0.5141105651855469,high_per_dye_nrmse,0.30104701161384567
297,bbbc021_cell_00297,ru_nnls,RU-NNLS,1,DIA-like,0.3045683801174164,0.05532731115818024,0.181658074259758,0.9441461563110352,0.07226523756980896,1.0,0.07476725429296494,0.870862603187561,high_per_dye_nrmse,0.30104701161384567
2224,bbbc021_cell_02224,ru_poisson,RU-Poisson,0,SYTO16-like,0.30438974499702454,0.018727188929915428,0.06152370572090149,0.9533637166023254,0.018060211092233658,0.39086294174194336,0.024018771946430206,0.4228494465351105,high_per_dye_nrmse,0.30104701161384567
297,bbbc021_cell_00297,ru_poisson,RU-Poisson,1,DIA-like,0.3041825294494629,0.05525721609592438,0.181658074259758,0.9443206191062927,0.07226523756980896,1.0,0.07546120882034302,0.8887693285942078,high_per_dye_nrmse,0.30104701161384567
3313,bbbc021_cell_03313,ru_poisson,RU-Poisson,1,DIA-like,0.302988737821579,0.04242686927318573,0.14002786576747894,0.9402448534965515,0.06502680480480194,0.9273157715797424,0.06889569759368896,0.735684335231781,high_per_dye_nrmse,0.30104701161384567
6971,bbbc021_cell_06971,ru_nnls,RU-NNLS,2,DeepRed-like,0.3014737665653229,0.01909158192574978,0.06332749873399734,0.9537398815155029,0.017498290166258812,0.3839835822582245,0.022681115195155144,0.3525886535644531,high_per_dye_nrmse,0.30104701161384567
65,bbbc021_cell_00065,ru_nnls,RU-NNLS,1,DIA-like,0.3013867437839508,0.03220023959875107,0.10684025287628174,0.9391792416572571,0.05471258610486984,0.5,0.05719402804970741,0.5137890577316284,high_per_dye_nrmse,0.30104701161384567
